{
    "metrics": {
        "Train": {
            "MSE": 0.06642381846904755,
            "RMSE": 0.2577281871837994,
            "R^2": 0.9335761666297913,
            "MAE": 0.20200814306735992,
            "Loss": 1.6735558668151498
        },
        "Val": {
            "MSE": 0.18875426054000854,
            "RMSE": 0.4344585832274563,
            "R^2": 0.8087512254714966,
            "MAE": 0.32044997811317444,
            "Loss": 1.5413377583026886
        },
        "Test": {
            "MSE": 0.18542218208312988,
            "RMSE": 0.43060676037787643,
            "R^2": 0.7948962450027466,
            "MAE": 0.31937581300735474,
            "Loss": 1.5219047516584396
        }
    },
    "best_params": {
        "hidden_dim": 88,
        "num_layers": 2,
        "dropout": 0.455059781,
        "optimizer": "Adam",
        "lr": 0.002419487,
        "criterion": "HuberLoss"
    }
}