{
    "best_params": {
        "penalty": "l2",
        "solver": "newton-cg",
        "max_iter": 2000
    },
    "train_metrics": {
        "accuracy": 0.8637209302325581,
        "f1_score": 0.8637525678613527,
        "precision": 0.8638505571734073,
        "recall": 0.8637209302325581
    },
    "test_metrics": {
        "accuracy": 0.7676579925650557,
        "f1_score": 0.7684078446238964,
        "precision": 0.7721274022929225,
        "recall": 0.7676579925650557
    },
    "overfit_gap": 0.0960629376675024
}