{
    "metrics": {
        "Train": {
            "MSE": 0.05988161265850067,
            "RMSE": 0.24470719780689057,
            "R^2": 0.9401183724403381,
            "MAE": 0.18479008972644806,
            "Loss": 1.5249315742403269
        },
        "Val": {
            "MSE": 0.1657978594303131,
            "RMSE": 0.40718283292682306,
            "R^2": 0.853350043296814,
            "MAE": 0.2882227897644043,
            "Loss": 1.3554158955812454
        },
        "Test": {
            "MSE": 0.1713590770959854,
            "RMSE": 0.4139554047188965,
            "R^2": 0.81892991065979,
            "MAE": 0.29574403166770935,
            "Loss": 1.3871793895959854
        }
    },
    "best_params": {
        "hidden_dim": 88,
        "num_layers": 2,
        "dropout": 0.4550597814102049,
        "optimizer": "Adam",
        "lr": 0.0024194873065368078,
        "criterion": "HuberLoss"
    }
}