{
    "best_params": {
        "n_estimators": 400,
        "criterion": "entropy",
        "max_depth": 8,
        "min_samples_split": 9,
        "min_samples_leaf": 5,
        "min_weight_fraction_leaf": 0.03,
        "max_features": "sqrt",
        "max_leaf_nodes": 120,
        "min_impurity_decrease": 0.02,
        "class_weight": "balanced",
        "ccp_alpha": 0.016,
        "max_samples": 0.55,
        "oob_score": true
    },
    "train_metrics": {
        "accuracy": 0.7855813953488372,
        "f1_score": 0.7752034007884869,
        "precision": 0.8124332955079131,
        "recall": 0.7855813953488372
    },
    "test_metrics": {
        "accuracy": 0.7304832713754646,
        "f1_score": 0.7245569695367778,
        "precision": 0.756891895251798,
        "recall": 0.7304832713754646
    },
    "overfit_gap": 0.05509812397337255
}