{
    "best_params": {
        "n_estimators": 144,
        "max_depth": 4,
        "learning_rate": 0.02928947348634358,
        "subsample": 0.6839171426671771,
        "colsample_bytree": 0.7849449085327913,
        "reg_lambda": 1.4331398962320347,
        "reg_alpha": 0.2753147917266039,
        "min_child_weight": 5,
        "gamma": 0.6505640521246205
    },
    "mse_train": 0.7977983326469983,
    "rmse_train": 0.8931955735710955,
    "r2_train": 0.825404591413164,
    "mae_train": 0.7139467708114362,
    "mse_test": 1.1609855590544456,
    "rmse_test": 1.0774903985903752,
    "r2_test": 0.7602706486888495,
    "mae_test": 0.8590418190761127
}