{"best_params": {"n_estimators": 357, "max_depth": 9, "learning_rate": 0.2505717003798547, "subsample": 0.6673254613786576, "colsample_bytree": 0.9952500641622928, "reg_lambda": 0.07864597044130107, "min_child_weight": 5, "gamma": 0.0006624950121453255}, "mse_train": 5.7871111303533544e-05, "rmse_train": 0.007607306442068279, "r2_train": 0.9999869403260923, "mae_train": 0.005594063557523356, "mse_eval": 0.020651960976375068, "rmse_eval": 0.1437079015794715, "r2_eval": 0.9953202874542634, "mae_eval": 0.047350412729591514, "mse_test": 0.012847409297971901, "rmse_test": 0.11334641281475079, "r2_test": 0.9976039196578549, "mae_test": 0.04545571086998033}